epsx,epsy,epsz,fin_en,form_enp,gv,icsd,kp_leng,kv,mbj_gap,mepsx,mepsy,mepsz,mpid,op_gap,jid,formula
21.0673,29.1228,17.6066,-12.242175,0.025,19.993,609832,65,34.556,0.6495,15.0619,14.9875,12.4788,mp-158,0.0221,JVASP-11997,As
6.3933,6.9466,6.3796,-103.75661,-2.086,52.42,158256,50,75.067,2.4642,5.2402,5.8492,5.3897,mp-510584,1.9202,JVASP-12010,MoO3
6.0838,6.0838,6.5652,0.75676049,-0.204,5.947,28230,60,17.477999999999998,2.7025,4.532,4.5323,4.9101,mp-567809,1.2599,JVASP-12023,AgI
7.0316,6.3127,5.2274,-35.585506,-1.768,37.12,27393,55,54.633,2.2441,6.0366,5.526,4.6886,mp-570157,1.8723,JVASP-12027,ZrBrN
4.6738,4.746,4.7722,-4.6538602,-0.83,9.047,65198,55,16.378,3.7113,3.6685,3.7637,3.7977,mp-570219,2.3104,JVASP-12028,InBr3
