jid,encut,epsx,epsy,epsz,fin_en,form_enp,gv,icsd,kp_leng,kv,mbj_gap,mepsx,mepsy,mepsz,mpid,op_gap
JVASP-11997,500,21.0673,29.1228,17.6066,-12.242175,0.025,19.993,609832,65,34.556,0.6495,15.0619,14.9875,12.4788,mp-158,0.0221
JVASP-12002,1200,13.8023,38.1854,35.5515,-42.395911,-1.184,25.667,None,55,78.478,0.0083,16.5818,61.5222,53.1874,mp-24242,0.0038
JVASP-12010,1250,6.3933,6.9466,6.3796,-103.75661,-2.086,52.42,158256,50,75.067,2.4642,5.2402,5.8492,5.3897,mp-510584,1.9202
JVASP-12023,550,6.0838,6.0838,6.5652,0.75676049,-0.204,5.947,28230,60,17.478,2.7025,4.532,4.5323,4.9101,mp-567809,1.2599
